Run_ID,Scarcity,Group,Personality,Total_Actions,Talk_Count,Gather_Count,Rob_Count,Give_Count,Eat_Count,Move_Count,Idle_Count,Talk_Rate,Gather_Rate,Talk_Gather_Ratio,Social_Rate,Productive_Rate
experiment_ABUNDANCE_All_Aggressive_01,ABUNDANCE,All_Aggressive,Aggressive,51,41,2,3,0,0,3,2,0.803921568627451,0.0392156862745098,20.5,0.8627450980392157,0.0392156862745098
experiment_ABUNDANCE_All_Aggressive_02,ABUNDANCE,All_Aggressive,Aggressive,150,52,18,1,0,8,3,68,0.3466666666666667,0.12,2.888888888888889,0.35333333333333333,0.17333333333333334
experiment_ABUNDANCE_All_Aggressive_03,ABUNDANCE,All_Aggressive,Aggressive,51,41,5,0,0,0,3,2,0.803921568627451,0.09803921568627451,8.2,0.803921568627451,0.09803921568627451
experiment_ABUNDANCE_All_Aggressive_04,ABUNDANCE,All_Aggressive,Aggressive,69,46,8,1,0,3,2,9,0.6666666666666666,0.11594202898550725,5.75,0.6811594202898551,0.15942028985507245
experiment_ABUNDANCE_All_Aggressive_05,ABUNDANCE,All_Aggressive,Aggressive,51,47,2,0,0,0,1,1,0.9215686274509803,0.0392156862745098,23.5,0.9215686274509803,0.0392156862745098
experiment_ABUNDANCE_All_Aggressive_06,ABUNDANCE,All_Aggressive,Aggressive,51,42,3,0,0,0,3,3,0.8235294117647058,0.058823529411764705,14.0,0.8235294117647058,0.058823529411764705
experiment_ABUNDANCE_All_Aggressive_07,ABUNDANCE,All_Aggressive,Aggressive,150,53,20,0,0,9,2,66,0.35333333333333333,0.13333333333333333,2.65,0.35333333333333333,0.19333333333333333
experiment_ABUNDANCE_All_Aggressive_08,ABUNDANCE,All_Aggressive,Aggressive,63,45,6,0,0,1,3,8,0.7142857142857143,0.09523809523809523,7.5,0.7142857142857143,0.1111111111111111
experiment_ABUNDANCE_All_Aggressive_09,ABUNDANCE,All_Aggressive,Aggressive,150,52,21,0,0,9,2,66,0.3466666666666667,0.14,2.4761904761904763,0.3466666666666667,0.2
experiment_ABUNDANCE_All_Aggressive_10,ABUNDANCE,All_Aggressive,Aggressive,132,56,15,1,0,6,0,54,0.42424242424242425,0.11363636363636363,3.7333333333333334,0.4318181818181818,0.1590909090909091
experiment_ABUNDANCE_All_Aggressive_11,ABUNDANCE,All_Aggressive,Aggressive,51,38,8,0,0,0,2,3,0.7450980392156863,0.1568627450980392,4.75,0.7450980392156863,0.1568627450980392
experiment_ABUNDANCE_All_Aggressive_12,ABUNDANCE,All_Aggressive,Aggressive,51,39,7,0,0,0,2,3,0.7647058823529411,0.13725490196078433,5.571428571428571,0.7647058823529411,0.13725490196078433
experiment_ABUNDANCE_All_Aggressive_13,ABUNDANCE,All_Aggressive,Aggressive,60,45,5,0,1,1,1,7,0.75,0.08333333333333333,9.0,0.7666666666666667,0.1
experiment_ABUNDANCE_All_Aggressive_14,ABUNDANCE,All_Aggressive,Aggressive,51,45,3,0,0,0,1,2,0.8823529411764706,0.058823529411764705,15.0,0.8823529411764706,0.058823529411764705
experiment_ABUNDANCE_All_Aggressive_15,ABUNDANCE,All_Aggressive,Aggressive,51,48,0,0,0,0,3,0,0.9411764705882353,0.0,,0.9411764705882353,0.0
experiment_ABUNDANCE_All_Aggressive_16,ABUNDANCE,All_Aggressive,Aggressive,150,52,20,0,0,8,3,67,0.3466666666666667,0.13333333333333333,2.6,0.3466666666666667,0.18666666666666668
experiment_ABUNDANCE_All_Aggressive_17,ABUNDANCE,All_Aggressive,Aggressive,81,42,12,0,0,2,2,23,0.5185185185185185,0.14814814814814814,3.5,0.5185185185185185,0.1728395061728395
experiment_ABUNDANCE_All_Aggressive_18,ABUNDANCE,All_Aggressive,Aggressive,144,53,20,0,0,7,1,63,0.3680555555555556,0.1388888888888889,2.65,0.3680555555555556,0.1875
experiment_ABUNDANCE_All_Aggressive_19,ABUNDANCE,All_Aggressive,Aggressive,51,45,3,0,0,0,2,1,0.8823529411764706,0.058823529411764705,15.0,0.8823529411764706,0.058823529411764705
experiment_ABUNDANCE_All_Aggressive_20,ABUNDANCE,All_Aggressive,Aggressive,51,48,0,0,0,0,3,0,0.9411764705882353,0.0,,0.9411764705882353,0.0
experiment_ABUNDANCE_All_Aggressive_21,ABUNDANCE,All_Aggressive,Aggressive,51,46,1,0,0,1,3,0,0.9019607843137255,0.0196078431372549,46.0,0.9019607843137255,0.0392156862745098
experiment_ABUNDANCE_All_Aggressive_22,ABUNDANCE,All_Aggressive,Aggressive,141,56,18,1,1,9,2,54,0.3971631205673759,0.1276595744680851,3.111111111111111,0.41134751773049644,0.19148936170212766
experiment_ABUNDANCE_All_Aggressive_23,ABUNDANCE,All_Aggressive,Aggressive,120,53,14,1,0,5,0,47,0.44166666666666665,0.11666666666666667,3.7857142857142856,0.45,0.15833333333333333
experiment_ABUNDANCE_All_Aggressive_24,ABUNDANCE,All_Aggressive,Aggressive,51,41,5,0,0,0,3,2,0.803921568627451,0.09803921568627451,8.2,0.803921568627451,0.09803921568627451
experiment_ABUNDANCE_All_Aggressive_25,ABUNDANCE,All_Aggressive,Aggressive,48,38,4,1,0,0,2,3,0.7916666666666666,0.08333333333333333,9.5,0.8125,0.08333333333333333
experiment_ABUNDANCE_All_Aggressive_26,ABUNDANCE,All_Aggressive,Aggressive,150,54,20,0,0,9,1,66,0.36,0.13333333333333333,2.7,0.36,0.19333333333333333
experiment_ABUNDANCE_All_Aggressive_27,ABUNDANCE,All_Aggressive,Aggressive,66,46,5,0,0,1,2,12,0.696969696969697,0.07575757575757576,9.2,0.696969696969697,0.09090909090909091
experiment_ABUNDANCE_All_Aggressive_28,ABUNDANCE,All_Aggressive,Aggressive,150,51,23,0,0,8,2,66,0.34,0.15333333333333332,2.217391304347826,0.34,0.20666666666666667
experiment_ABUNDANCE_All_Aggressive_29,ABUNDANCE,All_Aggressive,Aggressive,51,46,0,1,0,0,3,1,0.9019607843137255,0.0,,0.9215686274509803,0.0
experiment_ABUNDANCE_All_Aggressive_30,ABUNDANCE,All_Aggressive,Aggressive,51,45,1,0,0,0,2,3,0.8823529411764706,0.0196078431372549,45.0,0.8823529411764706,0.0196078431372549
experiment_ABUNDANCE_All_Aggressive_31,ABUNDANCE,All_Aggressive,Aggressive,51,45,3,0,0,0,2,1,0.8823529411764706,0.058823529411764705,15.0,0.8823529411764706,0.058823529411764705
experiment_ABUNDANCE_All_Aggressive_32,ABUNDANCE,All_Aggressive,Aggressive,93,44,11,1,0,5,3,29,0.4731182795698925,0.11827956989247312,4.0,0.4838709677419355,0.17204301075268819
experiment_ABUNDANCE_All_Aggressive_33,ABUNDANCE,All_Aggressive,Aggressive,51,44,2,0,0,0,3,2,0.8627450980392157,0.0392156862745098,22.0,0.8627450980392157,0.0392156862745098
experiment_ABUNDANCE_All_Aggressive_34,ABUNDANCE,All_Aggressive,Aggressive,48,42,1,1,0,0,3,1,0.875,0.020833333333333332,42.0,0.8958333333333334,0.020833333333333332
experiment_ABUNDANCE_All_Aggressive_35,ABUNDANCE,All_Aggressive,Aggressive,51,39,3,2,0,1,3,3,0.7647058823529411,0.058823529411764705,13.0,0.803921568627451,0.0784313725490196
experiment_ABUNDANCE_All_Aggressive_36,ABUNDANCE,All_Aggressive,Aggressive,3,0,1,0,0,0,2,0,0.0,0.3333333333333333,0.0,0.0,0.3333333333333333
experiment_ABUNDANCE_All_Aggressive_37,ABUNDANCE,All_Aggressive,Aggressive,3,0,1,0,0,0,2,0,0.0,0.3333333333333333,0.0,0.0,0.3333333333333333
experiment_ABUNDANCE_All_Aggressive_38,ABUNDANCE,All_Aggressive,Aggressive,123,89,7,0,0,14,2,11,0.7235772357723578,0.056910569105691054,12.714285714285714,0.7235772357723578,0.17073170731707318
experiment_ABUNDANCE_All_Aggressive_39,ABUNDANCE,All_Aggressive,Aggressive,105,81,7,0,0,12,2,3,0.7714285714285715,0.06666666666666667,11.571428571428571,0.7714285714285715,0.18095238095238095
experiment_ABUNDANCE_All_Aggressive_40,ABUNDANCE,All_Aggressive,Aggressive,96,76,5,0,0,11,2,2,0.7916666666666666,0.052083333333333336,15.2,0.7916666666666666,0.16666666666666666
experiment_ABUNDANCE_All_Aggressive_41,ABUNDANCE,All_Aggressive,Aggressive,117,76,4,1,0,11,3,22,0.6495726495726496,0.03418803418803419,19.0,0.6581196581196581,0.1282051282051282
experiment_ABUNDANCE_All_Aggressive_42,ABUNDANCE,All_Aggressive,Aggressive,138,85,9,1,0,15,2,26,0.6159420289855072,0.06521739130434782,9.444444444444445,0.6231884057971014,0.17391304347826086
experiment_ABUNDANCE_All_Aggressive_43,ABUNDANCE,All_Aggressive,Aggressive,150,94,16,1,0,22,2,15,0.6266666666666667,0.10666666666666667,5.875,0.6333333333333333,0.25333333333333335
experiment_ABUNDANCE_All_Aggressive_44,ABUNDANCE,All_Aggressive,Aggressive,114,81,8,2,0,15,1,7,0.7105263157894737,0.07017543859649122,10.125,0.7280701754385965,0.20175438596491227
experiment_ABUNDANCE_All_Aggressive_45,ABUNDANCE,All_Aggressive,Aggressive,105,76,10,1,0,12,2,4,0.7238095238095238,0.09523809523809523,7.6,0.7333333333333333,0.20952380952380953
experiment_ABUNDANCE_All_Aggressive_46,ABUNDANCE,All_Aggressive,Aggressive,150,94,14,0,0,20,2,20,0.6266666666666667,0.09333333333333334,6.714285714285714,0.6266666666666667,0.22666666666666666
experiment_ABUNDANCE_All_Aggressive_47,ABUNDANCE,All_Aggressive,Aggressive,150,88,11,0,0,19,3,29,0.5866666666666667,0.07333333333333333,8.0,0.5866666666666667,0.2
experiment_ABUNDANCE_All_Aggressive_48,ABUNDANCE,All_Aggressive,Aggressive,90,68,2,1,0,8,2,9,0.7555555555555555,0.022222222222222223,34.0,0.7666666666666667,0.1111111111111111
experiment_ABUNDANCE_All_Aggressive_49,ABUNDANCE,All_Aggressive,Aggressive,114,77,10,1,0,14,2,10,0.6754385964912281,0.08771929824561403,7.7,0.6842105263157895,0.21052631578947367
experiment_ABUNDANCE_All_Aggressive_50,ABUNDANCE,All_Aggressive,Aggressive,123,83,5,1,0,12,2,20,0.6747967479674797,0.04065040650406504,16.6,0.6829268292682927,0.13821138211382114
experiment_ABUNDANCE_All_Altruistic_01,ABUNDANCE,All_Altruistic,Altruistic,150,89,25,0,7,27,2,0,0.5933333333333334,0.16666666666666666,3.56,0.64,0.3466666666666667
experiment_ABUNDANCE_All_Altruistic_02,ABUNDANCE,All_Altruistic,Altruistic,150,95,22,0,6,25,2,0,0.6333333333333333,0.14666666666666667,4.318181818181818,0.6733333333333333,0.31333333333333335
experiment_ABUNDANCE_All_Altruistic_03,ABUNDANCE,All_Altruistic,Altruistic,150,83,34,0,3,27,3,0,0.5533333333333333,0.22666666666666666,2.4411764705882355,0.5733333333333334,0.4066666666666667
experiment_ABUNDANCE_All_Altruistic_04,ABUNDANCE,All_Altruistic,Altruistic,150,97,24,0,0,27,2,0,0.6466666666666666,0.16,4.041666666666667,0.6466666666666666,0.34
experiment_ABUNDANCE_All_Altruistic_05,ABUNDANCE,All_Altruistic,Altruistic,150,87,33,0,2,27,1,0,0.58,0.22,2.6363636363636362,0.5933333333333334,0.4
experiment_ABUNDANCE_All_Altruistic_06,ABUNDANCE,All_Altruistic,Altruistic,150,79,37,0,4,28,2,0,0.5266666666666666,0.24666666666666667,2.135135135135135,0.5533333333333333,0.43333333333333335
experiment_ABUNDANCE_All_Altruistic_07,ABUNDANCE,All_Altruistic,Altruistic,150,81,37,0,2,28,2,0,0.54,0.24666666666666667,2.189189189189189,0.5533333333333333,0.43333333333333335
experiment_ABUNDANCE_All_Altruistic_08,ABUNDANCE,All_Altruistic,Altruistic,150,99,19,0,4,26,2,0,0.66,0.12666666666666668,5.2105263157894735,0.6866666666666666,0.3
experiment_ABUNDANCE_All_Altruistic_09,ABUNDANCE,All_Altruistic,Altruistic,150,98,20,0,5,25,2,0,0.6533333333333333,0.13333333333333333,4.9,0.6866666666666666,0.3
experiment_ABUNDANCE_All_Altruistic_10,ABUNDANCE,All_Altruistic,Altruistic,150,97,25,0,1,26,1,0,0.6466666666666666,0.16666666666666666,3.88,0.6533333333333333,0.34
experiment_ABUNDANCE_All_Altruistic_11,ABUNDANCE,All_Altruistic,Altruistic,150,102,19,0,0,27,2,0,0.68,0.12666666666666668,5.368421052631579,0.68,0.30666666666666664
experiment_ABUNDANCE_All_Altruistic_12,ABUNDANCE,All_Altruistic,Altruistic,150,104,18,0,1,25,2,0,0.6933333333333334,0.12,5.777777777777778,0.7,0.2866666666666667
experiment_ABUNDANCE_All_Altruistic_13,ABUNDANCE,All_Altruistic,Altruistic,150,87,31,0,3,27,2,0,0.58,0.20666666666666667,2.806451612903226,0.6,0.38666666666666666
experiment_ABUNDANCE_All_Altruistic_14,ABUNDANCE,All_Altruistic,Altruistic,150,98,18,0,3,22,1,8,0.6533333333333333,0.12,5.444444444444445,0.6733333333333333,0.26666666666666666
experiment_ABUNDANCE_All_Altruistic_15,ABUNDANCE,All_Altruistic,Altruistic,150,91,29,0,3,26,1,0,0.6066666666666667,0.19333333333333333,3.1379310344827585,0.6266666666666667,0.36666666666666664
experiment_ABUNDANCE_All_Altruistic_16,ABUNDANCE,All_Altruistic,Altruistic,150,93,23,0,6,26,2,0,0.62,0.15333333333333332,4.043478260869565,0.66,0.32666666666666666
experiment_ABUNDANCE_All_Altruistic_17,ABUNDANCE,All_Altruistic,Altruistic,141,98,16,0,2,24,1,0,0.6950354609929078,0.11347517730496454,6.125,0.7092198581560284,0.28368794326241137
experiment_ABUNDANCE_All_Altruistic_18,ABUNDANCE,All_Altruistic,Altruistic,150,98,25,0,2,25,0,0,0.6533333333333333,0.16666666666666666,3.92,0.6666666666666666,0.3333333333333333
experiment_ABUNDANCE_All_Altruistic_19,ABUNDANCE,All_Altruistic,Altruistic,150,77,43,0,1,27,2,0,0.5133333333333333,0.2866666666666667,1.7906976744186047,0.52,0.4666666666666667
experiment_ABUNDANCE_All_Altruistic_20,ABUNDANCE,All_Altruistic,Altruistic,150,93,27,0,1,27,2,0,0.62,0.18,3.4444444444444446,0.6266666666666667,0.36
experiment_ABUNDANCE_All_Altruistic_21,ABUNDANCE,All_Altruistic,Altruistic,150,93,28,0,0,27,2,0,0.62,0.18666666666666668,3.3214285714285716,0.62,0.36666666666666664
experiment_ABUNDANCE_All_Altruistic_22,ABUNDANCE,All_Altruistic,Altruistic,150,102,21,0,1,25,1,0,0.68,0.14,4.857142857142857,0.6866666666666666,0.30666666666666664
experiment_ABUNDANCE_All_Altruistic_23,ABUNDANCE,All_Altruistic,Altruistic,150,100,22,0,2,25,1,0,0.6666666666666666,0.14666666666666667,4.545454545454546,0.68,0.31333333333333335
experiment_ABUNDANCE_All_Altruistic_24,ABUNDANCE,All_Altruistic,Altruistic,150,76,40,0,2,28,4,0,0.5066666666666667,0.26666666666666666,1.9,0.52,0.4533333333333333
experiment_ABUNDANCE_All_Altruistic_25,ABUNDANCE,All_Altruistic,Altruistic,150,89,27,0,4,28,2,0,0.5933333333333334,0.18,3.2962962962962963,0.62,0.36666666666666664
experiment_ABUNDANCE_All_Altruistic_26,ABUNDANCE,All_Altruistic,Altruistic,150,82,37,0,0,28,3,0,0.5466666666666666,0.24666666666666667,2.2162162162162162,0.5466666666666666,0.43333333333333335
experiment_ABUNDANCE_All_Altruistic_27,ABUNDANCE,All_Altruistic,Altruistic,150,83,34,0,5,27,1,0,0.5533333333333333,0.22666666666666666,2.4411764705882355,0.5866666666666667,0.4066666666666667
experiment_ABUNDANCE_All_Altruistic_28,ABUNDANCE,All_Altruistic,Altruistic,150,88,29,0,5,27,1,0,0.5866666666666667,0.19333333333333333,3.0344827586206895,0.62,0.37333333333333335
experiment_ABUNDANCE_All_Altruistic_29,ABUNDANCE,All_Altruistic,Altruistic,150,95,24,0,2,27,2,0,0.6333333333333333,0.16,3.9583333333333335,0.6466666666666666,0.34
experiment_ABUNDANCE_All_Altruistic_30,ABUNDANCE,All_Altruistic,Altruistic,150,98,22,0,2,25,3,0,0.6533333333333333,0.14666666666666667,4.454545454545454,0.6666666666666666,0.31333333333333335
experiment_ABUNDANCE_All_Altruistic_31,ABUNDANCE,All_Altruistic,Altruistic,150,97,26,0,0,26,1,0,0.6466666666666666,0.17333333333333334,3.730769230769231,0.6466666666666666,0.3466666666666667
experiment_ABUNDANCE_All_Altruistic_32,ABUNDANCE,All_Altruistic,Altruistic,150,100,20,0,2,27,1,0,0.6666666666666666,0.13333333333333333,5.0,0.68,0.31333333333333335
experiment_ABUNDANCE_All_Altruistic_33,ABUNDANCE,All_Altruistic,Altruistic,150,97,20,0,5,26,2,0,0.6466666666666666,0.13333333333333333,4.85,0.68,0.30666666666666664
experiment_ABUNDANCE_All_Altruistic_34,ABUNDANCE,All_Altruistic,Altruistic,150,88,25,0,6,27,4,0,0.5866666666666667,0.16666666666666666,3.52,0.6266666666666667,0.3466666666666667
experiment_ABUNDANCE_All_Altruistic_35,ABUNDANCE,All_Altruistic,Altruistic,150,95,23,0,4,27,1,0,0.6333333333333333,0.15333333333333332,4.130434782608695,0.66,0.3333333333333333
experiment_ABUNDANCE_All_Altruistic_36,ABUNDANCE,All_Altruistic,Altruistic,150,96,25,0,2,26,1,0,0.64,0.16666666666666666,3.84,0.6533333333333333,0.34
experiment_ABUNDANCE_All_Altruistic_37,ABUNDANCE,All_Altruistic,Altruistic,150,93,26,0,3,27,1,0,0.62,0.17333333333333334,3.576923076923077,0.64,0.35333333333333333
experiment_ABUNDANCE_All_Altruistic_38,ABUNDANCE,All_Altruistic,Altruistic,150,102,21,0,1,25,1,0,0.68,0.14,4.857142857142857,0.6866666666666666,0.30666666666666664
experiment_ABUNDANCE_All_Altruistic_39,ABUNDANCE,All_Altruistic,Altruistic,150,92,27,0,3,26,2,0,0.6133333333333333,0.18,3.4074074074074074,0.6333333333333333,0.35333333333333333
experiment_ABUNDANCE_All_Altruistic_40,ABUNDANCE,All_Altruistic,Altruistic,150,97,20,0,6,25,2,0,0.6466666666666666,0.13333333333333333,4.85,0.6866666666666666,0.3
experiment_ABUNDANCE_All_Altruistic_41,ABUNDANCE,All_Altruistic,Altruistic,150,95,27,0,2,25,1,0,0.6333333333333333,0.18,3.5185185185185186,0.6466666666666666,0.3466666666666667
experiment_ABUNDANCE_All_Altruistic_42,ABUNDANCE,All_Altruistic,Altruistic,150,87,33,0,1,27,2,0,0.58,0.22,2.6363636363636362,0.5866666666666667,0.4
experiment_ABUNDANCE_All_Altruistic_43,ABUNDANCE,All_Altruistic,Altruistic,150,104,17,0,2,25,2,0,0.6933333333333334,0.11333333333333333,6.117647058823529,0.7066666666666667,0.28
experiment_ABUNDANCE_All_Altruistic_44,ABUNDANCE,All_Altruistic,Altruistic,150,104,18,0,1,26,1,0,0.6933333333333334,0.12,5.777777777777778,0.7,0.29333333333333333
experiment_ABUNDANCE_All_Altruistic_45,ABUNDANCE,All_Altruistic,Altruistic,150,102,18,0,3,25,2,0,0.68,0.12,5.666666666666667,0.7,0.2866666666666667
experiment_ABUNDANCE_All_Altruistic_46,ABUNDANCE,All_Altruistic,Altruistic,150,95,21,0,7,26,1,0,0.6333333333333333,0.14,4.523809523809524,0.68,0.31333333333333335
experiment_ABUNDANCE_All_Altruistic_47,ABUNDANCE,All_Altruistic,Altruistic,150,88,33,0,1,27,1,0,0.5866666666666667,0.22,2.6666666666666665,0.5933333333333334,0.4
experiment_ABUNDANCE_All_Altruistic_48,ABUNDANCE,All_Altruistic,Altruistic,150,98,22,0,3,26,1,0,0.6533333333333333,0.14666666666666667,4.454545454545454,0.6733333333333333,0.32
experiment_ABUNDANCE_All_Altruistic_49,ABUNDANCE,All_Altruistic,Altruistic,150,90,30,0,2,27,1,0,0.6,0.2,3.0,0.6133333333333333,0.38
experiment_ABUNDANCE_All_Altruistic_50,ABUNDANCE,All_Altruistic,Altruistic,150,97,22,0,2,26,3,0,0.6466666666666666,0.14666666666666667,4.409090909090909,0.66,0.32
experiment_ABUNDANCE_All_Dominant_01,ABUNDANCE,All_Dominant,Dominant,150,88,33,0,0,28,1,0,0.5866666666666667,0.22,2.6666666666666665,0.5866666666666667,0.4066666666666667
experiment_ABUNDANCE_All_Dominant_02,ABUNDANCE,All_Dominant,Dominant,150,82,34,4,0,30,0,0,0.5466666666666666,0.22666666666666666,2.411764705882353,0.5733333333333334,0.4266666666666667
experiment_ABUNDANCE_All_Dominant_03,ABUNDANCE,All_Dominant,Dominant,150,68,40,8,1,33,0,0,0.4533333333333333,0.26666666666666666,1.7,0.5133333333333333,0.4866666666666667
experiment_ABUNDANCE_All_Dominant_04,ABUNDANCE,All_Dominant,Dominant,150,88,30,2,1,29,0,0,0.5866666666666667,0.2,2.933333333333333,0.6066666666666667,0.3933333333333333
experiment_ABUNDANCE_All_Dominant_05,ABUNDANCE,All_Dominant,Dominant,150,93,26,2,0,28,1,0,0.62,0.17333333333333334,3.576923076923077,0.6333333333333333,0.36
experiment_ABUNDANCE_All_Dominant_06,ABUNDANCE,All_Dominant,Dominant,144,83,26,4,0,24,1,6,0.5763888888888888,0.18055555555555555,3.1923076923076925,0.6041666666666666,0.3472222222222222
experiment_ABUNDANCE_All_Dominant_07,ABUNDANCE,All_Dominant,Dominant,150,93,27,2,0,27,1,0,0.62,0.18,3.4444444444444446,0.6333333333333333,0.36
experiment_ABUNDANCE_All_Dominant_08,ABUNDANCE,All_Dominant,Dominant,150,77,39,3,0,29,2,0,0.5133333333333333,0.26,1.9743589743589745,0.5333333333333333,0.4533333333333333
experiment_ABUNDANCE_All_Dominant_09,ABUNDANCE,All_Dominant,Dominant,150,89,28,3,0,29,1,0,0.5933333333333334,0.18666666666666668,3.1785714285714284,0.6133333333333333,0.38
experiment_ABUNDANCE_All_Dominant_10,ABUNDANCE,All_Dominant,Dominant,150,80,36,3,0,31,0,0,0.5333333333333333,0.24,2.2222222222222223,0.5533333333333333,0.44666666666666666
experiment_ABUNDANCE_All_Dominant_11,ABUNDANCE,All_Dominant,Dominant,150,89,26,5,0,28,0,2,0.5933333333333334,0.17333333333333334,3.423076923076923,0.6266666666666667,0.36
experiment_ABUNDANCE_All_Dominant_12,ABUNDANCE,All_Dominant,Dominant,150,83,38,0,1,28,0,0,0.5533333333333333,0.25333333333333335,2.1842105263157894,0.56,0.44
experiment_ABUNDANCE_All_Dominant_13,ABUNDANCE,All_Dominant,Dominant,123,43,31,6,0,19,2,22,0.34959349593495936,0.25203252032520324,1.3870967741935485,0.3983739837398374,0.4065040650406504
experiment_ABUNDANCE_All_Dominant_14,ABUNDANCE,All_Dominant,Dominant,150,90,29,0,2,27,2,0,0.6,0.19333333333333333,3.103448275862069,0.6133333333333333,0.37333333333333335
experiment_ABUNDANCE_All_Dominant_15,ABUNDANCE,All_Dominant,Dominant,102,38,23,4,1,14,2,20,0.37254901960784315,0.22549019607843138,1.6521739130434783,0.4215686274509804,0.3627450980392157
experiment_ABUNDANCE_All_Dominant_16,ABUNDANCE,All_Dominant,Dominant,150,82,35,3,0,30,0,0,0.5466666666666666,0.23333333333333334,2.342857142857143,0.5666666666666667,0.43333333333333335
experiment_ABUNDANCE_All_Dominant_17,ABUNDANCE,All_Dominant,Dominant,150,84,30,3,4,28,1,0,0.56,0.2,2.8,0.6066666666666667,0.38666666666666666
experiment_ABUNDANCE_All_Dominant_18,ABUNDANCE,All_Dominant,Dominant,150,84,26,5,4,28,2,1,0.56,0.17333333333333334,3.230769230769231,0.62,0.36
experiment_ABUNDANCE_All_Dominant_19,ABUNDANCE,All_Dominant,Dominant,150,79,38,2,0,30,1,0,0.5266666666666666,0.25333333333333335,2.0789473684210527,0.54,0.4533333333333333
experiment_ABUNDANCE_All_Dominant_20,ABUNDANCE,All_Dominant,Dominant,150,85,35,1,0,28,1,0,0.5666666666666667,0.23333333333333334,2.4285714285714284,0.5733333333333334,0.42
experiment_ABUNDANCE_All_Dominant_21,ABUNDANCE,All_Dominant,Dominant,150,76,33,2,0,25,0,14,0.5066666666666667,0.22,2.303030303030303,0.52,0.38666666666666666
experiment_ABUNDANCE_All_Dominant_22,ABUNDANCE,All_Dominant,Dominant,150,76,33,5,0,26,0,10,0.5066666666666667,0.22,2.303030303030303,0.54,0.3933333333333333
experiment_ABUNDANCE_All_Dominant_23,ABUNDANCE,All_Dominant,Dominant,150,77,37,5,0,31,0,0,0.5133333333333333,0.24666666666666667,2.081081081081081,0.5466666666666666,0.4533333333333333
experiment_ABUNDANCE_All_Dominant_24,ABUNDANCE,All_Dominant,Dominant,150,81,26,5,0,27,2,9,0.54,0.17333333333333334,3.1153846153846154,0.5733333333333334,0.35333333333333333
experiment_ABUNDANCE_All_Dominant_25,ABUNDANCE,All_Dominant,Dominant,150,85,30,4,0,31,0,0,0.5666666666666667,0.2,2.8333333333333335,0.5933333333333334,0.4066666666666667
experiment_ABUNDANCE_All_Dominant_26,ABUNDANCE,All_Dominant,Dominant,114,56,21,5,0,17,1,14,0.49122807017543857,0.18421052631578946,2.6666666666666665,0.5350877192982456,0.3333333333333333
experiment_ABUNDANCE_All_Dominant_27,ABUNDANCE,All_Dominant,Dominant,150,80,30,6,1,29,1,3,0.5333333333333333,0.2,2.6666666666666665,0.58,0.3933333333333333
experiment_ABUNDANCE_All_Dominant_28,ABUNDANCE,All_Dominant,Dominant,150,58,26,9,0,25,2,30,0.38666666666666666,0.17333333333333334,2.230769230769231,0.44666666666666666,0.34
experiment_ABUNDANCE_All_Dominant_29,ABUNDANCE,All_Dominant,Dominant,150,82,28,4,1,25,0,10,0.5466666666666666,0.18666666666666668,2.9285714285714284,0.58,0.35333333333333333
experiment_ABUNDANCE_All_Dominant_30,ABUNDANCE,All_Dominant,Dominant,150,49,43,2,0,24,0,32,0.32666666666666666,0.2866666666666667,1.1395348837209303,0.34,0.44666666666666666
experiment_ABUNDANCE_All_Dominant_31,ABUNDANCE,All_Dominant,Dominant,150,92,28,2,0,28,0,0,0.6133333333333333,0.18666666666666668,3.2857142857142856,0.6266666666666667,0.37333333333333335
experiment_ABUNDANCE_All_Dominant_32,ABUNDANCE,All_Dominant,Dominant,150,76,31,5,1,28,0,9,0.5066666666666667,0.20666666666666667,2.4516129032258065,0.5466666666666666,0.3933333333333333
experiment_ABUNDANCE_All_Dominant_33,ABUNDANCE,All_Dominant,Dominant,150,85,35,1,0,29,0,0,0.5666666666666667,0.23333333333333334,2.4285714285714284,0.5733333333333334,0.4266666666666667
experiment_ABUNDANCE_All_Dominant_34,ABUNDANCE,All_Dominant,Dominant,150,69,36,9,2,34,0,0,0.46,0.24,1.9166666666666667,0.5333333333333333,0.4666666666666667
experiment_ABUNDANCE_All_Dominant_35,ABUNDANCE,All_Dominant,Dominant,150,75,33,4,3,26,1,8,0.5,0.22,2.272727272727273,0.5466666666666666,0.3933333333333333
experiment_ABUNDANCE_All_Dominant_36,ABUNDANCE,All_Dominant,Dominant,150,80,33,2,5,28,2,0,0.5333333333333333,0.22,2.4242424242424243,0.58,0.4066666666666667
experiment_ABUNDANCE_All_Dominant_37,ABUNDANCE,All_Dominant,Dominant,150,88,26,5,0,29,2,0,0.5866666666666667,0.17333333333333334,3.3846153846153846,0.62,0.36666666666666664
experiment_ABUNDANCE_All_Dominant_38,ABUNDANCE,All_Dominant,Dominant,150,82,28,6,0,29,0,5,0.5466666666666666,0.18666666666666668,2.9285714285714284,0.5866666666666667,0.38
experiment_ABUNDANCE_All_Dominant_39,ABUNDANCE,All_Dominant,Dominant,114,42,24,9,0,18,2,19,0.3684210526315789,0.21052631578947367,1.75,0.4473684210526316,0.3684210526315789
experiment_ABUNDANCE_All_Dominant_40,ABUNDANCE,All_Dominant,Dominant,150,82,37,2,0,29,0,0,0.5466666666666666,0.24666666666666667,2.2162162162162162,0.56,0.44
experiment_ABUNDANCE_All_Dominant_41,ABUNDANCE,All_Dominant,Dominant,150,80,36,2,0,30,2,0,0.5333333333333333,0.24,2.2222222222222223,0.5466666666666666,0.44
experiment_ABUNDANCE_All_Dominant_42,ABUNDANCE,All_Dominant,Dominant,114,59,27,5,0,20,1,2,0.5175438596491229,0.23684210526315788,2.185185185185185,0.5614035087719298,0.41228070175438597
experiment_ABUNDANCE_All_Dominant_43,ABUNDANCE,All_Dominant,Dominant,150,71,38,7,0,33,1,0,0.47333333333333333,0.25333333333333335,1.868421052631579,0.52,0.47333333333333333
experiment_ABUNDANCE_All_Dominant_44,ABUNDANCE,All_Dominant,Dominant,105,25,28,11,0,19,0,22,0.23809523809523808,0.26666666666666666,0.8928571428571429,0.34285714285714286,0.44761904761904764
experiment_ABUNDANCE_All_Dominant_45,ABUNDANCE,All_Dominant,Dominant,150,67,30,6,0,27,1,19,0.44666666666666666,0.2,2.2333333333333334,0.4866666666666667,0.38
experiment_ABUNDANCE_All_Dominant_46,ABUNDANCE,All_Dominant,Dominant,150,78,23,6,0,26,2,15,0.52,0.15333333333333332,3.391304347826087,0.56,0.32666666666666666
experiment_ABUNDANCE_All_Dominant_47,ABUNDANCE,All_Dominant,Dominant,150,83,33,3,1,27,0,3,0.5533333333333333,0.22,2.515151515151515,0.58,0.4
experiment_ABUNDANCE_All_Dominant_48,ABUNDANCE,All_Dominant,Dominant,150,87,29,2,0,29,3,0,0.58,0.19333333333333333,3.0,0.5933333333333334,0.38666666666666666
experiment_ABUNDANCE_All_Dominant_49,ABUNDANCE,All_Dominant,Dominant,150,82,32,2,5,29,0,0,0.5466666666666666,0.21333333333333335,2.5625,0.5933333333333334,0.4066666666666667
experiment_ABUNDANCE_All_Dominant_50,ABUNDANCE,All_Dominant,Dominant,138,70,29,5,1,24,1,8,0.5072463768115942,0.21014492753623187,2.413793103448276,0.5507246376811594,0.38405797101449274
experiment_FAMINE_All_Aggressive_01,FAMINE,All_Aggressive,Aggressive,96,69,1,0,0,7,2,17,0.71875,0.010416666666666666,69.0,0.71875,0.08333333333333333
experiment_FAMINE_All_Aggressive_02,FAMINE,All_Aggressive,Aggressive,87,64,1,1,0,7,1,13,0.735632183908046,0.011494252873563218,64.0,0.7471264367816092,0.09195402298850575
experiment_FAMINE_All_Aggressive_03,FAMINE,All_Aggressive,Aggressive,96,68,0,1,0,7,2,18,0.7083333333333334,0.0,,0.71875,0.07291666666666667
experiment_FAMINE_All_Aggressive_04,FAMINE,All_Aggressive,Aggressive,96,65,0,1,0,7,3,20,0.6770833333333334,0.0,,0.6875,0.07291666666666667
experiment_FAMINE_All_Aggressive_05,FAMINE,All_Aggressive,Aggressive,90,65,1,1,0,7,2,14,0.7222222222222222,0.011111111111111112,65.0,0.7333333333333333,0.08888888888888889
experiment_FAMINE_All_Aggressive_06,FAMINE,All_Aggressive,Aggressive,93,63,0,2,0,7,1,20,0.6774193548387096,0.0,,0.6989247311827957,0.07526881720430108
experiment_FAMINE_All_Aggressive_07,FAMINE,All_Aggressive,Aggressive,99,70,0,1,0,7,2,19,0.7070707070707071,0.0,,0.7171717171717171,0.0707070707070707
experiment_FAMINE_All_Aggressive_08,FAMINE,All_Aggressive,Aggressive,96,69,0,2,0,7,1,17,0.71875,0.0,,0.7395833333333334,0.07291666666666667
experiment_FAMINE_All_Aggressive_09,FAMINE,All_Aggressive,Aggressive,96,66,0,2,0,7,2,19,0.6875,0.0,,0.7083333333333334,0.07291666666666667
experiment_FAMINE_All_Aggressive_10,FAMINE,All_Aggressive,Aggressive,87,58,0,2,0,7,2,18,0.6666666666666666,0.0,,0.6896551724137931,0.08045977011494253
experiment_FAMINE_All_Aggressive_11,FAMINE,All_Aggressive,Aggressive,87,63,0,1,0,7,2,14,0.7241379310344828,0.0,,0.735632183908046,0.08045977011494253
experiment_FAMINE_All_Aggressive_12,FAMINE,All_Aggressive,Aggressive,72,53,0,3,1,6,2,7,0.7361111111111112,0.0,,0.7916666666666666,0.08333333333333333
experiment_FAMINE_All_Aggressive_13,FAMINE,All_Aggressive,Aggressive,87,60,0,2,0,7,1,17,0.6896551724137931,0.0,,0.7126436781609196,0.08045977011494253
experiment_FAMINE_All_Aggressive_14,FAMINE,All_Aggressive,Aggressive,87,63,0,2,0,7,3,12,0.7241379310344828,0.0,,0.7471264367816092,0.08045977011494253
experiment_FAMINE_All_Aggressive_15,FAMINE,All_Aggressive,Aggressive,87,61,0,2,0,7,2,15,0.7011494252873564,0.0,,0.7241379310344828,0.08045977011494253
experiment_FAMINE_All_Aggressive_16,FAMINE,All_Aggressive,Aggressive,87,65,0,1,0,7,2,12,0.7471264367816092,0.0,,0.7586206896551724,0.08045977011494253
experiment_FAMINE_All_Aggressive_17,FAMINE,All_Aggressive,Aggressive,90,67,0,1,0,7,2,13,0.7444444444444445,0.0,,0.7555555555555555,0.07777777777777778
experiment_FAMINE_All_Aggressive_18,FAMINE,All_Aggressive,Aggressive,96,68,0,2,0,8,2,16,0.7083333333333334,0.0,,0.7291666666666666,0.08333333333333333
experiment_FAMINE_All_Aggressive_19,FAMINE,All_Aggressive,Aggressive,93,66,1,1,0,7,1,17,0.7096774193548387,0.010752688172043012,66.0,0.7204301075268817,0.08602150537634409
experiment_FAMINE_All_Aggressive_20,FAMINE,All_Aggressive,Aggressive,99,61,1,2,0,8,5,22,0.6161616161616161,0.010101010101010102,61.0,0.6363636363636364,0.09090909090909091
experiment_FAMINE_All_Aggressive_21,FAMINE,All_Aggressive,Aggressive,69,48,1,3,0,5,2,10,0.6956521739130435,0.014492753623188406,48.0,0.7391304347826086,0.08695652173913043
experiment_FAMINE_All_Aggressive_22,FAMINE,All_Aggressive,Aggressive,93,70,0,1,0,7,1,14,0.7526881720430108,0.0,,0.7634408602150538,0.07526881720430108
experiment_FAMINE_All_Aggressive_23,FAMINE,All_Aggressive,Aggressive,87,59,0,2,0,7,1,18,0.6781609195402298,0.0,,0.7011494252873564,0.08045977011494253
experiment_FAMINE_All_Aggressive_24,FAMINE,All_Aggressive,Aggressive,90,66,0,1,0,7,2,14,0.7333333333333333,0.0,,0.7444444444444445,0.07777777777777778
experiment_FAMINE_All_Aggressive_25,FAMINE,All_Aggressive,Aggressive,78,53,0,3,0,6,2,14,0.6794871794871795,0.0,,0.717948717948718,0.07692307692307693
experiment_FAMINE_All_Aggressive_26,FAMINE,All_Aggressive,Aggressive,96,66,0,3,0,8,1,18,0.6875,0.0,,0.71875,0.08333333333333333
experiment_FAMINE_All_Aggressive_27,FAMINE,All_Aggressive,Aggressive,87,64,0,1,0,7,2,13,0.735632183908046,0.0,,0.7471264367816092,0.08045977011494253
experiment_FAMINE_All_Aggressive_28,FAMINE,All_Aggressive,Aggressive,93,66,0,2,0,7,2,16,0.7096774193548387,0.0,,0.7311827956989247,0.07526881720430108
experiment_FAMINE_All_Aggressive_29,FAMINE,All_Aggressive,Aggressive,87,63,0,1,0,7,1,15,0.7241379310344828,0.0,,0.735632183908046,0.08045977011494253
experiment_FAMINE_All_Aggressive_30,FAMINE,All_Aggressive,Aggressive,96,69,0,1,0,7,2,17,0.71875,0.0,,0.7291666666666666,0.07291666666666667
experiment_FAMINE_All_Aggressive_31,FAMINE,All_Aggressive,Aggressive,90,65,0,1,0,7,2,15,0.7222222222222222,0.0,,0.7333333333333333,0.07777777777777778
experiment_FAMINE_All_Aggressive_32,FAMINE,All_Aggressive,Aggressive,90,63,0,2,0,7,3,15,0.7,0.0,,0.7222222222222222,0.07777777777777778
experiment_FAMINE_All_Aggressive_33,FAMINE,All_Aggressive,Aggressive,87,61,0,2,0,7,0,17,0.7011494252873564,0.0,,0.7241379310344828,0.08045977011494253
experiment_FAMINE_All_Aggressive_34,FAMINE,All_Aggressive,Aggressive,96,70,1,0,0,7,2,16,0.7291666666666666,0.010416666666666666,70.0,0.7291666666666666,0.08333333333333333
experiment_FAMINE_All_Aggressive_35,FAMINE,All_Aggressive,Aggressive,99,69,0,2,0,8,2,18,0.696969696969697,0.0,,0.7171717171717171,0.08080808080808081
experiment_FAMINE_All_Aggressive_36,FAMINE,All_Aggressive,Aggressive,105,73,0,2,0,8,3,19,0.6952380952380952,0.0,,0.7142857142857143,0.0761904761904762
experiment_FAMINE_All_Aggressive_37,FAMINE,All_Aggressive,Aggressive,84,61,0,2,0,6,1,14,0.7261904761904762,0.0,,0.75,0.07142857142857142
experiment_FAMINE_All_Aggressive_38,FAMINE,All_Aggressive,Aggressive,90,65,0,1,0,7,2,15,0.7222222222222222,0.0,,0.7333333333333333,0.07777777777777778
experiment_FAMINE_All_Aggressive_39,FAMINE,All_Aggressive,Aggressive,93,65,0,2,0,7,1,18,0.6989247311827957,0.0,,0.7204301075268817,0.07526881720430108
experiment_FAMINE_All_Aggressive_40,FAMINE,All_Aggressive,Aggressive,87,61,0,2,0,7,1,16,0.7011494252873564,0.0,,0.7241379310344828,0.08045977011494253
experiment_FAMINE_All_Aggressive_41,FAMINE,All_Aggressive,Aggressive,96,71,0,1,0,7,2,15,0.7395833333333334,0.0,,0.75,0.07291666666666667
experiment_FAMINE_All_Aggressive_42,FAMINE,All_Aggressive,Aggressive,87,62,0,3,0,8,1,13,0.7126436781609196,0.0,,0.7471264367816092,0.09195402298850575
experiment_FAMINE_All_Aggressive_43,FAMINE,All_Aggressive,Aggressive,93,62,0,3,0,8,2,18,0.6666666666666666,0.0,,0.6989247311827957,0.08602150537634409
experiment_FAMINE_All_Aggressive_44,FAMINE,All_Aggressive,Aggressive,96,70,0,0,0,7,4,15,0.7291666666666666,0.0,,0.7291666666666666,0.07291666666666667
experiment_FAMINE_All_Aggressive_45,FAMINE,All_Aggressive,Aggressive,87,64,0,1,0,7,2,13,0.735632183908046,0.0,,0.7471264367816092,0.08045977011494253
experiment_FAMINE_All_Aggressive_46,FAMINE,All_Aggressive,Aggressive,96,66,2,2,0,7,0,19,0.6875,0.020833333333333332,33.0,0.7083333333333334,0.09375
experiment_FAMINE_All_Aggressive_47,FAMINE,All_Aggressive,Aggressive,90,63,0,2,0,7,1,17,0.7,0.0,,0.7222222222222222,0.07777777777777778
experiment_FAMINE_All_Aggressive_48,FAMINE,All_Aggressive,Aggressive,93,68,0,1,0,7,2,15,0.7311827956989247,0.0,,0.7419354838709677,0.07526881720430108
experiment_FAMINE_All_Aggressive_49,FAMINE,All_Aggressive,Aggressive,96,66,2,1,0,7,2,18,0.6875,0.020833333333333332,33.0,0.6979166666666666,0.09375
experiment_FAMINE_All_Aggressive_50,FAMINE,All_Aggressive,Aggressive,90,61,1,2,0,7,2,17,0.6777777777777778,0.011111111111111112,61.0,0.7,0.08888888888888889
experiment_FAMINE_All_Altruistic_01,FAMINE,All_Altruistic,Altruistic,90,63,2,2,0,7,3,13,0.7,0.022222222222222223,31.5,0.7222222222222222,0.1
experiment_FAMINE_All_Altruistic_02,FAMINE,All_Altruistic,Altruistic,75,55,4,1,1,6,2,6,0.7333333333333333,0.05333333333333334,13.75,0.76,0.13333333333333333
experiment_FAMINE_All_Altruistic_03,FAMINE,All_Altruistic,Altruistic,93,62,6,0,1,7,2,15,0.6666666666666666,0.06451612903225806,10.333333333333334,0.6774193548387096,0.13978494623655913
experiment_FAMINE_All_Altruistic_04,FAMINE,All_Altruistic,Altruistic,108,74,3,0,1,8,2,20,0.6851851851851852,0.027777777777777776,24.666666666666668,0.6944444444444444,0.10185185185185185
experiment_FAMINE_All_Altruistic_05,FAMINE,All_Altruistic,Altruistic,105,69,4,1,1,8,3,19,0.6571428571428571,0.0380952380952381,17.25,0.6761904761904762,0.11428571428571428
experiment_FAMINE_All_Altruistic_06,FAMINE,All_Altruistic,Altruistic,81,63,2,0,2,6,2,6,0.7777777777777778,0.024691358024691357,31.5,0.8024691358024691,0.09876543209876543
experiment_FAMINE_All_Altruistic_07,FAMINE,All_Altruistic,Altruistic,93,63,5,1,0,7,0,17,0.6774193548387096,0.053763440860215055,12.6,0.6881720430107527,0.12903225806451613
experiment_FAMINE_All_Altruistic_08,FAMINE,All_Altruistic,Altruistic,108,71,4,1,2,8,2,20,0.6574074074074074,0.037037037037037035,17.75,0.6851851851851852,0.1111111111111111
experiment_FAMINE_All_Altruistic_09,FAMINE,All_Altruistic,Altruistic,96,65,3,0,0,7,5,16,0.6770833333333334,0.03125,21.666666666666668,0.6770833333333334,0.10416666666666667
experiment_FAMINE_All_Altruistic_10,FAMINE,All_Altruistic,Altruistic,108,72,3,0,4,8,2,19,0.6666666666666666,0.027777777777777776,24.0,0.7037037037037037,0.10185185185185185
experiment_FAMINE_All_Altruistic_11,FAMINE,All_Altruistic,Altruistic,108,72,5,0,1,8,2,20,0.6666666666666666,0.046296296296296294,14.4,0.6759259259259259,0.12037037037037036
experiment_FAMINE_All_Altruistic_12,FAMINE,All_Altruistic,Altruistic,90,62,4,1,0,7,1,15,0.6888888888888889,0.044444444444444446,15.5,0.7,0.12222222222222222
experiment_FAMINE_All_Altruistic_13,FAMINE,All_Altruistic,Altruistic,93,68,5,0,5,8,3,4,0.7311827956989247,0.053763440860215055,13.6,0.7849462365591398,0.13978494623655913
experiment_FAMINE_All_Altruistic_14,FAMINE,All_Altruistic,Altruistic,96,65,4,1,0,8,2,16,0.6770833333333334,0.041666666666666664,16.25,0.6875,0.125
experiment_FAMINE_All_Altruistic_15,FAMINE,All_Altruistic,Altruistic,84,59,2,1,1,6,3,12,0.7023809523809523,0.023809523809523808,29.5,0.7261904761904762,0.09523809523809523
experiment_FAMINE_All_Altruistic_16,FAMINE,All_Altruistic,Altruistic,69,52,4,1,3,5,2,2,0.7536231884057971,0.057971014492753624,13.0,0.8115942028985508,0.13043478260869565
experiment_FAMINE_All_Altruistic_17,FAMINE,All_Altruistic,Altruistic,108,72,4,1,1,8,1,21,0.6666666666666666,0.037037037037037035,18.0,0.6851851851851852,0.1111111111111111
experiment_FAMINE_All_Altruistic_18,FAMINE,All_Altruistic,Altruistic,111,75,3,1,1,8,3,20,0.6756756756756757,0.02702702702702703,25.0,0.6936936936936937,0.0990990990990991
experiment_FAMINE_All_Altruistic_19,FAMINE,All_Altruistic,Altruistic,111,75,3,0,1,8,3,21,0.6756756756756757,0.02702702702702703,25.0,0.6846846846846847,0.0990990990990991
experiment_FAMINE_All_Altruistic_20,FAMINE,All_Altruistic,Altruistic,90,67,5,1,2,8,2,5,0.7444444444444445,0.05555555555555555,13.4,0.7777777777777778,0.14444444444444443
experiment_FAMINE_All_Altruistic_21,FAMINE,All_Altruistic,Altruistic,93,67,2,1,0,7,2,14,0.7204301075268817,0.021505376344086023,33.5,0.7311827956989247,0.0967741935483871
experiment_FAMINE_All_Altruistic_22,FAMINE,All_Altruistic,Altruistic,96,65,1,1,1,7,3,18,0.6770833333333334,0.010416666666666666,65.0,0.6979166666666666,0.08333333333333333
experiment_FAMINE_All_Altruistic_23,FAMINE,All_Altruistic,Altruistic,96,68,3,0,1,7,1,16,0.7083333333333334,0.03125,22.666666666666668,0.71875,0.10416666666666667
experiment_FAMINE_All_Altruistic_24,FAMINE,All_Altruistic,Altruistic,96,63,4,1,1,7,2,18,0.65625,0.041666666666666664,15.75,0.6770833333333334,0.11458333333333333
experiment_FAMINE_All_Altruistic_25,FAMINE,All_Altruistic,Altruistic,93,60,7,0,0,7,3,16,0.6451612903225806,0.07526881720430108,8.571428571428571,0.6451612903225806,0.15053763440860216
experiment_FAMINE_All_Altruistic_26,FAMINE,All_Altruistic,Altruistic,93,65,5,0,0,7,1,15,0.6989247311827957,0.053763440860215055,13.0,0.6989247311827957,0.12903225806451613
experiment_FAMINE_All_Altruistic_27,FAMINE,All_Altruistic,Altruistic,96,64,4,0,1,7,4,16,0.6666666666666666,0.041666666666666664,16.0,0.6770833333333334,0.11458333333333333
experiment_FAMINE_All_Altruistic_28,FAMINE,All_Altruistic,Altruistic,96,65,4,1,0,7,1,18,0.6770833333333334,0.041666666666666664,16.25,0.6875,0.11458333333333333
experiment_FAMINE_All_Altruistic_29,FAMINE,All_Altruistic,Altruistic,96,61,7,1,0,7,2,18,0.6354166666666666,0.07291666666666667,8.714285714285714,0.6458333333333334,0.14583333333333334
experiment_FAMINE_All_Altruistic_30,FAMINE,All_Altruistic,Altruistic,102,70,2,1,2,8,2,17,0.6862745098039216,0.0196078431372549,35.0,0.7156862745098039,0.09803921568627451
experiment_FAMINE_All_Altruistic_31,FAMINE,All_Altruistic,Altruistic,105,65,6,0,5,8,2,19,0.6190476190476191,0.05714285714285714,10.833333333333334,0.6666666666666666,0.13333333333333333
experiment_FAMINE_All_Altruistic_32,FAMINE,All_Altruistic,Altruistic,96,68,3,0,0,7,2,16,0.7083333333333334,0.03125,22.666666666666668,0.7083333333333334,0.10416666666666667
experiment_FAMINE_All_Altruistic_33,FAMINE,All_Altruistic,Altruistic,93,67,2,1,0,7,2,14,0.7204301075268817,0.021505376344086023,33.5,0.7311827956989247,0.0967741935483871
experiment_FAMINE_All_Altruistic_34,FAMINE,All_Altruistic,Altruistic,93,64,5,0,0,7,2,15,0.6881720430107527,0.053763440860215055,12.8,0.6881720430107527,0.12903225806451613
experiment_FAMINE_All_Altruistic_35,FAMINE,All_Altruistic,Altruistic,84,59,3,2,0,6,2,12,0.7023809523809523,0.03571428571428571,19.666666666666668,0.7261904761904762,0.10714285714285714
experiment_FAMINE_All_Altruistic_36,FAMINE,All_Altruistic,Altruistic,108,74,4,0,1,8,1,20,0.6851851851851852,0.037037037037037035,18.5,0.6944444444444444,0.1111111111111111
experiment_FAMINE_All_Altruistic_37,FAMINE,All_Altruistic,Altruistic,111,76,3,0,1,8,2,21,0.6846846846846847,0.02702702702702703,25.333333333333332,0.6936936936936937,0.0990990990990991
experiment_FAMINE_All_Altruistic_38,FAMINE,All_Altruistic,Altruistic,87,64,0,2,0,7,1,13,0.735632183908046,0.0,,0.7586206896551724,0.08045977011494253
experiment_FAMINE_All_Altruistic_39,FAMINE,All_Altruistic,Altruistic,108,68,5,0,5,8,2,20,0.6296296296296297,0.046296296296296294,13.6,0.6759259259259259,0.12037037037037036
experiment_FAMINE_All_Altruistic_40,FAMINE,All_Altruistic,Altruistic,111,73,2,2,2,8,1,23,0.6576576576576577,0.018018018018018018,36.5,0.6936936936936937,0.09009009009009009
experiment_FAMINE_All_Altruistic_41,FAMINE,All_Altruistic,Altruistic,105,58,10,1,0,8,6,22,0.5523809523809524,0.09523809523809523,5.8,0.5619047619047619,0.17142857142857143
experiment_FAMINE_All_Altruistic_42,FAMINE,All_Altruistic,Altruistic,93,65,4,1,0,7,2,14,0.6989247311827957,0.043010752688172046,16.25,0.7096774193548387,0.11827956989247312
experiment_FAMINE_All_Altruistic_43,FAMINE,All_Altruistic,Altruistic,108,72,3,1,2,8,2,20,0.6666666666666666,0.027777777777777776,24.0,0.6944444444444444,0.10185185185185185
experiment_FAMINE_All_Altruistic_44,FAMINE,All_Altruistic,Altruistic,96,66,3,0,0,7,4,16,0.6875,0.03125,22.0,0.6875,0.10416666666666667
experiment_FAMINE_All_Altruistic_45,FAMINE,All_Altruistic,Altruistic,93,64,3,1,1,7,2,15,0.6881720430107527,0.03225806451612903,21.333333333333332,0.7096774193548387,0.10752688172043011
experiment_FAMINE_All_Altruistic_46,FAMINE,All_Altruistic,Altruistic,93,53,12,0,0,8,3,17,0.5698924731182796,0.12903225806451613,4.416666666666667,0.5698924731182796,0.21505376344086022
experiment_FAMINE_All_Altruistic_47,FAMINE,All_Altruistic,Altruistic,108,70,4,1,1,8,2,22,0.6481481481481481,0.037037037037037035,17.5,0.6666666666666666,0.1111111111111111
experiment_FAMINE_All_Altruistic_48,FAMINE,All_Altruistic,Altruistic,90,66,6,1,3,8,2,4,0.7333333333333333,0.06666666666666667,11.0,0.7777777777777778,0.15555555555555556
experiment_FAMINE_All_Altruistic_49,FAMINE,All_Altruistic,Altruistic,87,60,3,2,0,7,1,14,0.6896551724137931,0.034482758620689655,20.0,0.7126436781609196,0.11494252873563218
experiment_FAMINE_All_Altruistic_50,FAMINE,All_Altruistic,Altruistic,93,64,3,1,0,7,3,15,0.6881720430107527,0.03225806451612903,21.333333333333332,0.6989247311827957,0.10752688172043011
experiment_FAMINE_All_Dominant_01,FAMINE,All_Dominant,Dominant,78,49,2,4,0,8,1,14,0.6282051282051282,0.02564102564102564,24.5,0.6794871794871795,0.1282051282051282
experiment_FAMINE_All_Dominant_02,FAMINE,All_Dominant,Dominant,72,52,1,1,0,6,2,10,0.7222222222222222,0.013888888888888888,52.0,0.7361111111111112,0.09722222222222222
experiment_FAMINE_All_Dominant_03,FAMINE,All_Dominant,Dominant,75,46,1,5,0,7,1,15,0.6133333333333333,0.013333333333333334,46.0,0.68,0.10666666666666667
experiment_FAMINE_All_Dominant_04,FAMINE,All_Dominant,Dominant,63,49,0,4,0,5,1,4,0.7777777777777778,0.0,,0.8412698412698413,0.07936507936507936
experiment_FAMINE_All_Dominant_05,FAMINE,All_Dominant,Dominant,81,60,1,2,0,6,2,10,0.7407407407407407,0.012345679012345678,60.0,0.7654320987654321,0.08641975308641975
experiment_FAMINE_All_Dominant_06,FAMINE,All_Dominant,Dominant,96,66,1,2,0,8,0,19,0.6875,0.010416666666666666,66.0,0.7083333333333334,0.09375
experiment_FAMINE_All_Dominant_07,FAMINE,All_Dominant,Dominant,96,61,3,4,0,8,0,20,0.6354166666666666,0.03125,20.333333333333332,0.6770833333333334,0.11458333333333333
experiment_FAMINE_All_Dominant_08,FAMINE,All_Dominant,Dominant,63,43,1,5,0,5,2,7,0.6825396825396826,0.015873015873015872,43.0,0.7619047619047619,0.09523809523809523
experiment_FAMINE_All_Dominant_09,FAMINE,All_Dominant,Dominant,72,49,1,6,0,8,0,8,0.6805555555555556,0.013888888888888888,49.0,0.7638888888888888,0.125
experiment_FAMINE_All_Dominant_10,FAMINE,All_Dominant,Dominant,75,49,2,4,0,6,1,13,0.6533333333333333,0.02666666666666667,24.5,0.7066666666666667,0.10666666666666667
experiment_FAMINE_All_Dominant_11,FAMINE,All_Dominant,Dominant,87,56,1,5,0,8,2,15,0.6436781609195402,0.011494252873563218,56.0,0.7011494252873564,0.10344827586206896
experiment_FAMINE_All_Dominant_12,FAMINE,All_Dominant,Dominant,93,59,5,5,0,8,0,16,0.6344086021505376,0.053763440860215055,11.8,0.6881720430107527,0.13978494623655913
experiment_FAMINE_All_Dominant_13,FAMINE,All_Dominant,Dominant,69,38,1,9,0,7,1,13,0.5507246376811594,0.014492753623188406,38.0,0.6811594202898551,0.11594202898550725
experiment_FAMINE_All_Dominant_14,FAMINE,All_Dominant,Dominant,69,46,0,3,1,5,2,12,0.6666666666666666,0.0,,0.7246376811594203,0.07246376811594203
experiment_FAMINE_All_Dominant_15,FAMINE,All_Dominant,Dominant,87,57,3,4,0,8,0,15,0.6551724137931034,0.034482758620689655,19.0,0.7011494252873564,0.12643678160919541
experiment_FAMINE_All_Dominant_16,FAMINE,All_Dominant,Dominant,81,52,4,4,0,7,1,13,0.6419753086419753,0.04938271604938271,13.0,0.691358024691358,0.13580246913580246
experiment_FAMINE_All_Dominant_17,FAMINE,All_Dominant,Dominant,78,49,6,3,0,6,0,14,0.6282051282051282,0.07692307692307693,8.166666666666666,0.6666666666666666,0.15384615384615385
experiment_FAMINE_All_Dominant_18,FAMINE,All_Dominant,Dominant,60,43,3,4,0,5,0,5,0.7166666666666667,0.05,14.333333333333334,0.7833333333333333,0.13333333333333333
experiment_FAMINE_All_Dominant_19,FAMINE,All_Dominant,Dominant,69,50,3,2,0,5,1,8,0.7246376811594203,0.043478260869565216,16.666666666666668,0.7536231884057971,0.11594202898550725
experiment_FAMINE_All_Dominant_20,FAMINE,All_Dominant,Dominant,90,60,1,3,0,8,1,17,0.6666666666666666,0.011111111111111112,60.0,0.7,0.1
experiment_FAMINE_All_Dominant_21,FAMINE,All_Dominant,Dominant,66,49,1,3,0,6,2,5,0.7424242424242424,0.015151515151515152,49.0,0.7878787878787878,0.10606060606060606
experiment_FAMINE_All_Dominant_22,FAMINE,All_Dominant,Dominant,81,54,3,2,0,6,1,15,0.6666666666666666,0.037037037037037035,18.0,0.691358024691358,0.1111111111111111
experiment_FAMINE_All_Dominant_23,FAMINE,All_Dominant,Dominant,75,42,1,9,0,8,1,14,0.56,0.013333333333333334,42.0,0.68,0.12
experiment_FAMINE_All_Dominant_24,FAMINE,All_Dominant,Dominant,84,53,4,3,0,7,0,17,0.6309523809523809,0.047619047619047616,13.25,0.6666666666666666,0.13095238095238096
experiment_FAMINE_All_Dominant_25,FAMINE,All_Dominant,Dominant,90,62,2,2,0,7,2,15,0.6888888888888889,0.022222222222222223,31.0,0.7111111111111111,0.1
experiment_FAMINE_All_Dominant_26,FAMINE,All_Dominant,Dominant,90,61,2,3,0,7,2,15,0.6777777777777778,0.022222222222222223,30.5,0.7111111111111111,0.1
experiment_FAMINE_All_Dominant_27,FAMINE,All_Dominant,Dominant,69,45,1,7,0,9,0,7,0.6521739130434783,0.014492753623188406,45.0,0.7536231884057971,0.14492753623188406
experiment_FAMINE_All_Dominant_28,FAMINE,All_Dominant,Dominant,87,52,6,2,0,7,0,20,0.5977011494252874,0.06896551724137931,8.666666666666666,0.6206896551724138,0.14942528735632185
experiment_FAMINE_All_Dominant_29,FAMINE,All_Dominant,Dominant,87,58,1,4,0,9,0,15,0.6666666666666666,0.011494252873563218,58.0,0.7126436781609196,0.11494252873563218
experiment_FAMINE_All_Dominant_30,FAMINE,All_Dominant,Dominant,87,56,2,3,0,7,1,18,0.6436781609195402,0.022988505747126436,28.0,0.6781609195402298,0.10344827586206896
experiment_FAMINE_All_Dominant_31,FAMINE,All_Dominant,Dominant,87,55,3,4,0,8,1,16,0.632183908045977,0.034482758620689655,18.333333333333332,0.6781609195402298,0.12643678160919541
experiment_FAMINE_All_Dominant_32,FAMINE,All_Dominant,Dominant,57,39,0,6,0,5,1,6,0.6842105263157895,0.0,,0.7894736842105263,0.08771929824561403
experiment_FAMINE_All_Dominant_33,FAMINE,All_Dominant,Dominant,81,51,4,3,0,7,2,14,0.6296296296296297,0.04938271604938271,12.75,0.6666666666666666,0.13580246913580246
experiment_FAMINE_All_Dominant_34,FAMINE,All_Dominant,Dominant,81,57,2,2,0,6,0,14,0.7037037037037037,0.024691358024691357,28.5,0.7283950617283951,0.09876543209876543
experiment_FAMINE_All_Dominant_35,FAMINE,All_Dominant,Dominant,84,55,2,4,0,8,0,15,0.6547619047619048,0.023809523809523808,27.5,0.7023809523809523,0.11904761904761904
experiment_FAMINE_All_Dominant_36,FAMINE,All_Dominant,Dominant,69,49,1,4,0,5,2,8,0.7101449275362319,0.014492753623188406,49.0,0.7681159420289855,0.08695652173913043
experiment_FAMINE_All_Dominant_37,FAMINE,All_Dominant,Dominant,84,51,4,4,0,8,1,16,0.6071428571428571,0.047619047619047616,12.75,0.6547619047619048,0.14285714285714285
experiment_FAMINE_All_Dominant_38,FAMINE,All_Dominant,Dominant,75,52,0,4,0,7,1,11,0.6933333333333334,0.0,,0.7466666666666667,0.09333333333333334
experiment_FAMINE_All_Dominant_39,FAMINE,All_Dominant,Dominant,54,37,3,4,0,5,0,5,0.6851851851851852,0.05555555555555555,12.333333333333334,0.7592592592592593,0.14814814814814814
experiment_FAMINE_All_Dominant_40,FAMINE,All_Dominant,Dominant,75,48,1,4,0,6,2,14,0.64,0.013333333333333334,48.0,0.6933333333333334,0.09333333333333334
experiment_FAMINE_All_Dominant_41,FAMINE,All_Dominant,Dominant,51,41,0,3,0,3,0,4,0.803921568627451,0.0,,0.8627450980392157,0.058823529411764705
experiment_FAMINE_All_Dominant_42,FAMINE,All_Dominant,Dominant,90,64,1,3,0,8,0,14,0.7111111111111111,0.011111111111111112,64.0,0.7444444444444445,0.1
experiment_FAMINE_All_Dominant_43,FAMINE,All_Dominant,Dominant,69,48,0,4,0,6,0,11,0.6956521739130435,0.0,,0.7536231884057971,0.08695652173913043
experiment_FAMINE_All_Dominant_44,FAMINE,All_Dominant,Dominant,66,50,2,2,0,5,1,6,0.7575757575757576,0.030303030303030304,25.0,0.7878787878787878,0.10606060606060606
experiment_FAMINE_All_Dominant_45,FAMINE,All_Dominant,Dominant,93,66,1,3,0,7,1,15,0.7096774193548387,0.010752688172043012,66.0,0.7419354838709677,0.08602150537634409
experiment_FAMINE_All_Dominant_46,FAMINE,All_Dominant,Dominant,93,63,2,2,0,7,1,18,0.6774193548387096,0.021505376344086023,31.5,0.6989247311827957,0.0967741935483871
experiment_FAMINE_All_Dominant_47,FAMINE,All_Dominant,Dominant,90,61,0,2,0,7,3,17,0.6777777777777778,0.0,,0.7,0.07777777777777778
experiment_FAMINE_All_Dominant_48,FAMINE,All_Dominant,Dominant,93,63,0,3,0,8,1,18,0.6774193548387096,0.0,,0.7096774193548387,0.08602150537634409
experiment_FAMINE_All_Dominant_49,FAMINE,All_Dominant,Dominant,90,64,0,3,0,8,2,13,0.7111111111111111,0.0,,0.7444444444444445,0.08888888888888889
experiment_FAMINE_All_Dominant_50,FAMINE,All_Dominant,Dominant,87,61,0,2,0,7,0,17,0.7011494252873564,0.0,,0.7241379310344828,0.08045977011494253
